{
	"geode": "2.0.0-beta.12",
	"gd": {
		"win": "2.204",
		"android": "2.205",
		"mac": "2.200"
	},
	"version": "v1.0.4",
	"id": "xanii.youtubers",
	"name": "YouTubers",
	"developer": "Xanii",
    "dependencies": [
        {
            "id": "geode.node-ids",
            "version": ">=v1.4.0",
            "importance": "required"
        }
    ],
	"repository": "https://github.com/LXanii/GD-YouTubers/tree/main",
	"description": "Gives YouTubers a badge in Geometry Dash to help identify their profiles!",
	"resources": {
        "sprites": [
            "resources/*.png"
        ]
    }
}
